{"Reward": 567.331156696352, "_timestamp": 1718012649.1584976, "_runtime": 25.2159526348114, "_step": 49, "_wandb": {"runtime": 24}}