{"Reward": 956.0630593249871, "_timestamp": 1718012469.048116, "_runtime": 50.801311016082764, "_step": 49, "_wandb": {"runtime": 50}}