{"Reward": 168.63280063496333, "_timestamp": 1718117313.9092517, "_runtime": 19.958181619644165, "_step": 49, "_wandb": {"runtime": 19}}