{"Reward": 224.0193802657267, "_timestamp": 1718117874.7581608, "_runtime": 4.359221935272217, "_step": 5, "_wandb": {"runtime": 3}}