{"Reward": 730.5174256174815, "_timestamp": 1718012763.285834, "_runtime": 24.41746997833252, "_step": 49, "_wandb": {"runtime": 23}}