{"Reward": 1610.5111786501288, "_timestamp": 1718011381.5863035, "_runtime": 21.87805438041687, "_step": 1, "_wandb": {"runtime": 21}}