{"Reward": 1354.6898503741475, "_timestamp": 1718134607.2702763, "_runtime": 167.91097831726074, "_step": 6, "_wandb": {"runtime": 182}}