{"Reward": 694.0403523972315, "_timestamp": 1718181789.3308115, "_runtime": 42.17666149139404, "_step": 7, "_wandb": {"runtime": 44}}