{"Reward": 1056.022399683148, "_timestamp": 1718142467.13304, "_runtime": 11.139200925827026, "_step": 5365, "_wandb": {"runtime": 22}}