{"Reward": 150.20242559620866, "_timestamp": 1717406091.300451, "_runtime": 35.164674043655396, "_step": 18, "_wandb": {"runtime": 35}}