{"Reward": 189.5789239337536, "_timestamp": 1718010835.629584, "_runtime": 75.8788571357727, "_step": 5, "_wandb": {"runtime": 78}}