{"Reward": 336.02354578845376, "_timestamp": 1716889881.2740085, "_runtime": 17.218315601348877, "_step": 32}