{"Reward": 1590.5596142653164, "_timestamp": 1717508010.930269, "_runtime": 65.89587211608887, "_step": 9, "_wandb": {"runtime": 65}}