{"Reward": 113.03689446268645, "_timestamp": 1717504871.422432, "_runtime": 3.776777982711792, "_step": 185, "_wandb": {"runtime": 2}}