{"Reward": 974.827847034683, "_timestamp": 1718117469.3164122, "_runtime": 9.557691097259521, "_step": 7, "_wandb": {"runtime": 8}}