{"Reward": 263.27525571159833, "_timestamp": 1716903804.7399573, "_runtime": 61.41107726097107, "_step": 11, "_wandb": {"runtime": 74}}