{"Reward": 46.71118275192181, "_timestamp": 1718113349.091851, "_runtime": 114.9874529838562, "_step": 1999, "_wandb": {"runtime": 114}}