{"Reward": 973.5677912132514, "_timestamp": 1716892152.129761, "_runtime": 83.97326707839966, "_step": 18, "_wandb": {"runtime": 83}}