{"Reward": 63.75441979372963, "_timestamp": 1718138874.7554376, "_runtime": 33.44836354255676, "_step": 41, "_wandb": {"runtime": 33}}