{"Reward": 644.4578747033255, "_timestamp": 1718199846.7442863, "_runtime": 66.37400436401367, "_step": 6, "_wandb": {"runtime": 72}}