{"Reward": 88.88720560940348, "_timestamp": 1717491759.910652, "_runtime": 27.785887002944946, "_step": 18, "_wandb": {"runtime": 31}}