{"episode": 0, "Reward": 290.6522506169009, "_timestamp": 1716889606.366233, "_runtime": 4.738830089569092, "_step": 0, "_wandb": {"runtime": 4}}