{"Reward": 173.66026993744407, "_timestamp": 1718114496.5860832, "_runtime": 855.2407231330872, "_step": 9999, "_wandb": {"runtime": 854}}