{"Reward": 180.6463863349126, "_timestamp": 1718142651.2085793, "_runtime": 74.20648431777954, "_step": 30, "_wandb": {"runtime": 74}}