{"Reward": 1111.4009174731077, "_timestamp": 1716891390.8540037, "_runtime": 134.843163728714, "_step": 48, "_wandb": {"runtime": 134}}