{"Reward": 393.62735419523176, "_timestamp": 1716890679.5906978, "_runtime": 7.35587477684021, "_step": 8, "_wandb": {"runtime": 7}}