{"Reward": 119.51347921166727, "_timestamp": 1718117724.0046713, "_runtime": 3.0992612838745117, "_step": 49, "_wandb": {"runtime": 2}}