{"Reward": 467.1276784867292, "_timestamp": 1718117420.8769214, "_runtime": 11.036742448806763, "_step": 19, "_wandb": {"runtime": 10}}