{"Reward": 484.8311055941425, "_timestamp": 1718117499.9838781, "_runtime": 14.362972021102905, "_step": 28, "_wandb": {"runtime": 14}}