{"Reward": 1030.4645600140607, "_timestamp": 1718187001.440992, "_runtime": 407.57161116600037, "_step": 49, "_wandb": {"runtime": 406}}