{"Reward": 118.85538705522632, "_timestamp": 1718116280.887555, "_runtime": 97.48460483551025, "_step": 1999, "_wandb": {"runtime": 96}}