{"Reward": 1338.9173980741605, "_timestamp": 1718117786.6815345, "_runtime": 9.644683599472046, "_step": 4, "_wandb": {"runtime": 9}}