{"Reward": 382.22019550208654, "_timestamp": 1718009272.1616995, "_runtime": 51.24790048599243, "_step": 11, "_wandb": {"runtime": 55}}