{"Reward": 439.98496552017247, "_timestamp": 1716907100.861865, "_runtime": 33.53507614135742, "_step": 16, "_wandb": {"runtime": 34}}