{"Reward": 1048.8101742990962, "_timestamp": 1718187017.1187313, "_runtime": 9.762723207473755, "_step": 49, "_wandb": {"runtime": 8}}