{"Reward": 226.51129460042492, "_timestamp": 1717492065.153432, "_runtime": 18.14793300628662, "_step": 9, "_wandb": {"runtime": 17}}