{"Reward": 1173.7129947333349, "_timestamp": 1718011154.7747085, "_runtime": 192.53222346305847, "_step": 11, "_wandb": {"runtime": 195}}