{"Reward": 101.42863378625962, "_timestamp": 1718117715.998006, "_runtime": 11.983650207519531, "_step": 49, "_wandb": {"runtime": 11}}