{"Reward": 153.25124251017732, "_timestamp": 1718117321.8715067, "_runtime": 3.083326578140259, "_step": 49, "_wandb": {"runtime": 2}}