{"Reward": 167.93645069704323, "_timestamp": 1718117855.8804336, "_runtime": 6.244951486587524, "_step": 14, "_wandb": {"runtime": 5}}