{"Reward": 317.9986925131965, "_timestamp": 1718008162.5034027, "_runtime": 24.301307678222656, "_step": 32, "_wandb": {"runtime": 25}}