{"Reward": 366.4294821682735, "_timestamp": 1718010352.8844275, "_runtime": 21.514923572540283, "_step": 4, "_wandb": {"runtime": 25}}