{"Reward": 204.7039155417389, "_timestamp": 1716903615.9404423, "_runtime": 63.946816205978394, "_step": 29, "_wandb": {"runtime": 63}}