{"Reward": 71.56227305915914, "_timestamp": 1717603376.9292586, "_runtime": 6.210980653762817, "_step": 4, "_wandb": {"runtime": 5}}