{"Reward": 1055.5888432140216, "_timestamp": 1717507766.2638073, "_runtime": 3.3215153217315674, "_step": 3520, "_wandb": {"runtime": 3}}