{"Reward": 115.75722648788144, "_timestamp": 1718116471.3205824, "_runtime": 20.136215448379517, "_step": 49, "_wandb": {"runtime": 19}}