{"Reward": 1379.251483230289, "_timestamp": 1716907937.9938107, "_runtime": 42.954914569854736, "_step": 9, "_wandb": {"runtime": 46}}