{"Reward": 362.34776853747485, "_timestamp": 1716904299.4916449, "_runtime": 123.62948274612427, "_step": 18, "_wandb": {"runtime": 125}}