{"Reward": 1019.9497079264482, "_timestamp": 1716908820.124009, "_runtime": 125.99282598495483, "_step": 17, "_wandb": {"runtime": 153}}