{"Reward": 1354.1694598553722, "_timestamp": 1718181285.3883264, "_runtime": 6.577845335006714, "_step": 5532, "_wandb": {"runtime": 9}}