{"Reward": 96.37841113683093, "_timestamp": 1717603732.6986413, "_runtime": 6.543861389160156, "_step": 5, "_wandb": {"runtime": 5}}