{"Reward": 46.43483297017507, "_timestamp": 1717602543.5733175, "_runtime": 19.776705503463745, "_step": 18, "_wandb": {"runtime": 19}}