{"Reward": 308.1788842773358, "_timestamp": 1718008236.3606465, "_runtime": 22.052003383636475, "_step": 15, "_wandb": {"runtime": 23}}