{"Reward": 698.9969716189867, "_timestamp": 1716906850.7769659, "_runtime": 67.32045197486877, "_step": 24, "_wandb": {"runtime": 67}}