{"Reward": 1381.2479393312035, "_timestamp": 1717508513.396037, "_runtime": 118.88994121551514, "_step": 8}