{"Reward": 60.93626508346516, "_timestamp": 1717771335.1885438, "_runtime": 11.495068788528442, "_step": 17, "_wandb": {"runtime": 10}}