{"episode": 10, "Reward": 465.46346914422224, "_timestamp": 1716889742.671085, "_runtime": 19.164463996887207, "_step": 10, "_wandb": {"runtime": 19}}