{"Reward": 557.1865480247262, "_timestamp": 1718117826.140034, "_runtime": 3.7415318489074707, "_step": 0, "_wandb": {"runtime": 3}}