{"Reward": 664.283308355616, "_timestamp": 1718181713.8514285, "_runtime": 92.8502414226532, "_step": 8, "_wandb": {"runtime": 96}}