{"Reward": 337.908995187395, "_timestamp": 1716890131.1666112, "_runtime": 84.89676713943481, "_step": 49, "_wandb": {"runtime": 28}}