{"Reward": 400.88542803553673, "_timestamp": 1718010298.217305, "_runtime": 10.407914876937866, "_step": 2, "_wandb": {"runtime": 11}}