{"Reward": 123.85240389517077, "_timestamp": 1718009790.0004435, "_runtime": 4.758652448654175, "_step": 5, "_wandb": {"runtime": 4}}