{"Reward": 1327.0525254062438, "_timestamp": 1718117445.239246, "_runtime": 4.260548830032349, "_step": 0, "_wandb": {"runtime": 4}}