{"Reward": 148.15976765553918, "_timestamp": 1718116480.159664, "_runtime": 3.0726330280303955, "_step": 49, "_wandb": {"runtime": 2}}