{"Reward": 79.99504598155097, "_timestamp": 1718111202.2756565, "_runtime": 12.671441555023193, "_step": 43, "_wandb": {"runtime": 11}}