{"Reward": 1305.863910133566, "_timestamp": 1717492587.0496044, "_runtime": 43.60668444633484, "_step": 8, "_wandb": {"runtime": 44}}