{"Reward": 136.98466092523466, "_timestamp": 1717602643.956176, "_runtime": 22.777262926101685, "_step": 8, "_wandb": {"runtime": 24}}