{"Reward": 487.721787769202, "_timestamp": 1718117752.8484557, "_runtime": 6.11221170425415, "_step": 7, "_wandb": {"runtime": 5}}