{"Reward": 1070.4561804228988, "_timestamp": 1716905903.4023833, "_runtime": 23.15009832382202, "_step": 4, "_wandb": {"runtime": 24}}