{"Reward": 1035.7529536496843, "_timestamp": 1716906908.981481, "_runtime": 39.4159951210022, "_step": 11, "_wandb": {"runtime": 39}}