{"Reward": 205.85220576322567, "_timestamp": 1716903421.0824492, "_runtime": 43.26040029525757, "_step": 12, "_wandb": {"runtime": 44}}