{"Reward": 414.31896263102976, "_timestamp": 1718117807.4285057, "_runtime": 4.897493600845337, "_step": 4, "_wandb": {"runtime": 4}}