{"Reward": 306.1728931182252, "_timestamp": 1717771523.5358858, "_runtime": 42.92278075218201, "_step": 6, "_wandb": {"runtime": 43}}