{"Reward": 83.464854055018, "_timestamp": 1718138794.478698, "_runtime": 44.25042200088501, "_step": 5, "_wandb": {"runtime": 51}}