{"Reward": 547.0412044270155, "_timestamp": 1718010460.2543178, "_runtime": 27.408259868621826, "_step": 12, "_wandb": {"runtime": 27}}