{"Reward": 320.52735043999036, "_timestamp": 1717771419.325753, "_runtime": 58.31312704086304, "_step": 14, "_wandb": {"runtime": 58}}