{"Reward": 43.472488340661435, "_timestamp": 1717602964.9727163, "_runtime": 16.95760941505432, "_step": 12, "_wandb": {"runtime": 16}}